{
  "variable": "PTMILOBP",
  "x": [
    0.0,
    2.5353535353535355,
    5.070707070707071,
    7.606060606060606,
    10.141414141414142,
    12.676767676767678,
    15.212121212121213,
    17.747474747474747,
    20.282828282828284,
    22.81818181818182,
    25.353535353535356,
    27.88888888888889,
    30.424242424242426,
    32.95959595959596,
    35.494949494949495,
    38.03030303030303,
    40.56565656565657,
    43.101010101010104,
    45.63636363636364,
    48.17171717171718,
    50.70707070707071,
    53.24242424242424,
    55.77777777777778,
    58.313131313131315,
    60.84848484848485,
    63.38383838383839,
    65.91919191919192,
    68.45454545454545,
    70.98989898989899,
    73.52525252525253,
    76.06060606060606,
    78.5959595959596,
    81.13131313131314,
    83.66666666666667,
    86.20202020202021,
    88.73737373737374,
    91.27272727272728,
    93.80808080808082,
    96.34343434343435,
    98.87878787878789,
    101.41414141414143,
    103.94949494949495,
    106.48484848484848,
    109.02020202020202,
    111.55555555555556,
    114.0909090909091,
    116.62626262626263,
    119.16161616161617,
    121.6969696969697,
    124.23232323232324,
    126.76767676767678,
    129.3030303030303,
    131.83838383838383,
    134.37373737373738,
    136.9090909090909,
    139.44444444444446,
    141.97979797979798,
    144.51515151515153,
    147.05050505050505,
    149.5858585858586,
    152.12121212121212,
    154.65656565656568,
    157.1919191919192,
    159.72727272727275,
    162.26262626262627,
    164.7979797979798,
    167.33333333333334,
    169.86868686868686,
    172.40404040404042,
    174.93939393939394,
    177.4747474747475,
    180.010101010101,
    182.54545454545456,
    185.08080808080808,
    187.61616161616163,
    190.15151515151516,
    192.6868686868687,
    195.22222222222223,
    197.75757575757578,
    200.2929292929293,
    202.82828282828285,
    205.36363636363637,
    207.8989898989899,
    210.43434343434345,
    212.96969696969697,
    215.50505050505052,
    218.04040404040404,
    220.5757575757576,
    223.11111111111111,
    225.64646464646466,
    228.1818181818182,
    230.71717171717174,
    233.25252525252526,
    235.7878787878788,
    238.32323232323233,
    240.85858585858588,
    243.3939393939394,
    245.92929292929293,
    248.46464646464648,
    251.0
  ],
  "y": [
    4.0220094493753816e-05,
    3.995102736693151e-05,
    3.4498275965052467e-05,
    2.9240682930084325e-05,
    2.431612046422172e-05,
    1.8711019336662677e-05,
    1.4200126382473573e-05,
    1.2765068174078557e-05,
    1.4498333182658782e-05,
    1.9617632706549925e-05,
    2.978384300128311e-05,
    4.6535790643553436e-05,
    7.316013359905039e-05,
    0.0001212398009227564,
    0.00020575997734935853,
    0.0003274579341287862,
    0.0004872536774601638,
    0.0007382043524158635,
    0.0011677133817379736,
    0.0018081419164609625,
    0.002728881600119528,
    0.0042616061397803455,
    0.006681342589433531,
    0.00944331839808728,
    0.011627714283519112,
    0.01357355471445053,
    0.016531616066167747,
    0.020181443378397352,
    0.022913271603983276,
    0.02511038991837182,
    0.02861200191736111,
    0.032192765123805575,
    0.032111454546195024,
    0.028043193701292237,
    0.023619205168840432,
    0.02076762522500959,
    0.01820113950510013,
    0.015189698538906102,
    0.012706326178759685,
    0.011010949571505634,
    0.00914217077571998,
    0.006785154760055365,
    0.004675730972815066,
    0.00329818625205542,
    0.0024352864531843343,
    0.0017959758247675104,
    0.0013260822634740337,
    0.00100855655865098,
    0.0007665774504946166,
    0.0005596148734160856,
    0.0004039338705565429,
    0.00030290263901300697,
    0.00023195218109305326,
    0.0001755120662112529,
    0.00013449802510616317,
    0.00010687440133034325,
    8.486797735816482e-05,
    6.582884824574893e-05,
    5.204365943377172e-05,
    4.2982798544816314e-05,
    3.546882694727682e-05,
    2.860583823084448e-05,
    2.3392987192231334e-05,
    1.9545109916722967e-05,
    1.596266350721567e-05,
    1.272667248007814e-05,
    1.0498832061566987e-05,
    9.103229174969392e-06,
    7.935342614504006e-06,
    6.87617060864371e-06,
    6.043252798302481e-06,
    5.274554476039003e-06,
    4.397172424790134e-06,
    3.5701206879679233e-06,
    2.9785855702157547e-06,
    2.534471421755234e-06,
    2.1036382441102992e-06,
    1.7207076704040866e-06,
    1.447105800391997e-06,
    1.2475070292726066e-06,
    1.0803426337007978e-06,
    9.529311749461767e-07,
    8.536671122069652e-07,
    7.391736158787621e-07,
    6.06047069756917e-07,
    5.031364727871912e-07,
    4.536334497291267e-07,
    4.121147336366226e-07,
    3.277740700214873e-07,
    2.154673547459964e-07,
    1.3136356691053654e-07,
    1.0305053121067239e-07,
    1.0815921182406518e-07,
    1.0917267757103714e-07,
    9.100043685733742e-08,
    6.29219245243712e-08,
    3.9744523851590394e-08,
    2.992476727385214e-08,
    3.12629792548437e-08,
    3.2887168934114435e-08
  ]
}