{
  "variable": "PTMIPULS",
  "x": [
    0.0,
    3.0303030303030303,
    6.0606060606060606,
    9.09090909090909,
    12.121212121212121,
    15.151515151515152,
    18.18181818181818,
    21.21212121212121,
    24.242424242424242,
    27.272727272727273,
    30.303030303030305,
    33.333333333333336,
    36.36363636363636,
    39.39393939393939,
    42.42424242424242,
    45.45454545454545,
    48.484848484848484,
    51.515151515151516,
    54.54545454545455,
    57.57575757575758,
    60.60606060606061,
    63.63636363636363,
    66.66666666666667,
    69.6969696969697,
    72.72727272727272,
    75.75757575757575,
    78.78787878787878,
    81.81818181818181,
    84.84848484848484,
    87.87878787878788,
    90.9090909090909,
    93.93939393939394,
    96.96969696969697,
    100.0,
    103.03030303030303,
    106.06060606060606,
    109.0909090909091,
    112.12121212121212,
    115.15151515151516,
    118.18181818181819,
    121.21212121212122,
    124.24242424242424,
    127.27272727272727,
    130.3030303030303,
    133.33333333333334,
    136.36363636363637,
    139.3939393939394,
    142.42424242424244,
    145.45454545454544,
    148.48484848484847,
    151.5151515151515,
    154.54545454545453,
    157.57575757575756,
    160.6060606060606,
    163.63636363636363,
    166.66666666666666,
    169.6969696969697,
    172.72727272727272,
    175.75757575757575,
    178.78787878787878,
    181.8181818181818,
    184.84848484848484,
    187.87878787878788,
    190.9090909090909,
    193.93939393939394,
    196.96969696969697,
    200.0,
    203.03030303030303,
    206.06060606060606,
    209.0909090909091,
    212.12121212121212,
    215.15151515151516,
    218.1818181818182,
    221.21212121212122,
    224.24242424242425,
    227.27272727272728,
    230.3030303030303,
    233.33333333333334,
    236.36363636363637,
    239.3939393939394,
    242.42424242424244,
    245.45454545454544,
    248.48484848484847,
    251.5151515151515,
    254.54545454545453,
    257.57575757575756,
    260.6060606060606,
    263.6363636363636,
    266.6666666666667,
    269.6969696969697,
    272.72727272727275,
    275.75757575757575,
    278.7878787878788,
    281.8181818181818,
    284.8484848484849,
    287.8787878787879,
    290.9090909090909,
    293.93939393939394,
    296.96969696969694,
    300.0
  ],
  "y": [
    2.7409865434202788e-05,
    2.766836251768564e-05,
    2.484962947325795e-05,
    2.319395619937186e-05,
    2.4550560993622386e-05,
    2.7595430896300306e-05,
    2.8987409660695424e-05,
    2.608450411004963e-05,
    2.0060813039833884e-05,
    1.5229473752257894e-05,
    1.5307808772805452e-05,
    2.2158040649422278e-05,
    3.872582661706722e-05,
    7.447384513614507e-05,
    0.00015310685402029312,
    0.0003237364209162909,
    0.0006765280532870359,
    0.0013545169775212955,
    0.0025309111404808187,
    0.00434601041506952,
    0.00688014663082105,
    0.010173472598778146,
    0.014140561775647908,
    0.018421030575425087,
    0.02242518420544767,
    0.025478944552934358,
    0.02693234428647046,
    0.02649944090927318,
    0.024551076201793705,
    0.021794429621940493,
    0.018851784642403314,
    0.01620345125082276,
    0.014033720397378492,
    0.012118674959828865,
    0.010234758346838317,
    0.008494995395718461,
    0.00708850894433199,
    0.006018886693684296,
    0.005208523446671598,
    0.0045719341767252435,
    0.003984596843999718,
    0.0033731218907228078,
    0.0027755312373068703,
    0.0022415674717346967,
    0.0017719253536339428,
    0.0013638431821439223,
    0.00103072810150345,
    0.0007774165132992142,
    0.0005926213947378278,
    0.00045842751108908546,
    0.00035857028409412827,
    0.0002829957188802314,
    0.00022554264327323046,
    0.0001803644068132935,
    0.0001434516721250554,
    0.00011311348984513478,
    8.790569553033545e-05,
    6.719000619657767e-05,
    5.160066202535341e-05,
    4.071942919839447e-05,
    3.258983259256124e-05,
    2.5791871024345774e-05,
    1.998441648006102e-05,
    1.5057333149823995e-05,
    1.1012281740837687e-05,
    7.948394054776818e-06,
    5.703811656555782e-06,
    3.969546207845115e-06,
    2.636640304005156e-06,
    1.71862989359957e-06,
    1.146384643448931e-06,
    8.007156831453794e-07,
    6.002005180221644e-07,
    4.933555819272044e-07,
    4.362274709337179e-07,
    3.9798055214284127e-07,
    3.6129166136895317e-07,
    3.152224653071933e-07,
    2.565066884331992e-07,
    1.9336296166334615e-07,
    1.4307184897751597e-07,
    1.207504760546434e-07,
    1.2411666022938063e-07,
    1.329796397212571e-07,
    1.2856622611745365e-07,
    1.0905075065128085e-07,
    8.548953870882009e-08,
    6.848170123865148e-08,
    5.9351977471346826e-08,
    5.2385830580602025e-08,
    4.493826357133405e-08,
    4.076575449821535e-08,
    4.201690769019486e-08,
    4.443881558319532e-08,
    4.384952887070472e-08,
    4.38592936221837e-08,
    5.369933181524495e-08,
    7.667501384404571e-08,
    1.0092091867776142e-07,
    1.0632987191986969e-07
  ]
}