{
  "variable": "PTMIBDHT",
  "x": [
    0.0,
    1.009090909090909,
    2.018181818181818,
    3.0272727272727273,
    4.036363636363636,
    5.045454545454545,
    6.054545454545455,
    7.0636363636363635,
    8.072727272727272,
    9.081818181818182,
    10.09090909090909,
    11.1,
    12.10909090909091,
    13.118181818181817,
    14.127272727272727,
    15.136363636363635,
    16.145454545454545,
    17.154545454545453,
    18.163636363636364,
    19.172727272727272,
    20.18181818181818,
    21.19090909090909,
    22.2,
    23.209090909090907,
    24.21818181818182,
    25.227272727272727,
    26.236363636363635,
    27.245454545454542,
    28.254545454545454,
    29.263636363636362,
    30.27272727272727,
    31.28181818181818,
    32.29090909090909,
    33.3,
    34.309090909090905,
    35.31818181818181,
    36.32727272727273,
    37.336363636363636,
    38.345454545454544,
    39.35454545454545,
    40.36363636363636,
    41.37272727272727,
    42.38181818181818,
    43.39090909090909,
    44.4,
    45.40909090909091,
    46.418181818181814,
    47.42727272727272,
    48.43636363636364,
    49.445454545454545,
    50.45454545454545,
    51.46363636363636,
    52.47272727272727,
    53.48181818181818,
    54.490909090909085,
    55.5,
    56.50909090909091,
    57.518181818181816,
    58.527272727272724,
    59.53636363636363,
    60.54545454545454,
    61.554545454545455,
    62.56363636363636,
    63.57272727272727,
    64.58181818181818,
    65.5909090909091,
    66.6,
    67.60909090909091,
    68.61818181818181,
    69.62727272727273,
    70.63636363636363,
    71.64545454545454,
    72.65454545454546,
    73.66363636363636,
    74.67272727272727,
    75.68181818181817,
    76.69090909090909,
    77.7,
    78.7090909090909,
    79.71818181818182,
    80.72727272727272,
    81.73636363636363,
    82.74545454545454,
    83.75454545454545,
    84.76363636363637,
    85.77272727272727,
    86.78181818181818,
    87.79090909090908,
    88.8,
    89.8090909090909,
    90.81818181818181,
    91.82727272727273,
    92.83636363636363,
    93.84545454545454,
    94.85454545454544,
    95.86363636363636,
    96.87272727272727,
    97.88181818181818,
    98.89090909090909,
    99.9
  ],
  "y": [
    1.4508597507956948e-05,
    2.0010095344774695e-05,
    2.8104753714390336e-05,
    3.9907265106047116e-05,
    5.692883412900465e-05,
    8.118438535637115e-05,
    0.00011531544002808915,
    0.00016272553296874925,
    0.00022772231526176773,
    0.00031565718329047904,
    0.0004330495545823616,
    0.0005876790681137399,
    0.0007886254554839223,
    0.0010462331742905593,
    0.0013719767808231117,
    0.001778204143662267,
    0.002277738604542263,
    0.00288332854582399,
    0.0036069436995867584,
    0.0044589316703297615,
    0.005447064801251781,
    0.00657552537411012,
    0.007843894407844968,
    0.00924622382599902,
    0.010770281193561446,
    0.012397058379567855,
    0.014100628735748,
    0.015848420774876935,
    0.01760195014712268,
    0.019318017411035955,
    0.020950339327242655,
    0.022451540021589098,
    0.023775389639599968,
    0.024879146752673206,
    0.025725840772604824,
    0.0262863250953542,
    0.02654094219147242,
    0.026480668019981553,
    0.026107642876619982,
    0.02543504510641295,
    0.024486318087781327,
    0.02329381373588607,
    0.021896961942380118,
    0.020340110332786474,
    0.018670199040902277,
    0.016934439472731808,
    0.015178154755808611,
    0.013442914738808976,
    0.011765063761151596,
    0.010174699163820326,
    0.008695117160732072,
    0.007342704808417497,
    0.006127225202118543,
    0.005052420556451515,
    0.004116844983754889,
    0.0033148356500787754,
    0.0026375362063285938,
    0.002073898118210221,
    0.0016116014486234848,
    0.0012378545148612934,
    0.0009400495752800228,
    0.0007062676900843385,
    0.0005256390246642757,
    0.0003885745435748791,
    0.00028689118458401474,
    0.000213855432238812,
    0.00016417024215440118,
    0.00013392809764626982,
    0.00012054924069200704,
    0.00012271937701602937,
    0.0001403358906310365,
    0.00017446618904507828,
    0.00022731653351058971,
    0.00030220483073656643,
    0.00040352660631668574,
    0.0005366999986923577,
    0.0007080733941771704,
    0.000924778597568239,
    0.001194513525742911,
    0.0015252416163670892,
    0.0019248006277357088,
    0.00240042124927356,
    0.0029581656584600543,
    0.0036023072458994496,
    0.004334684245217337,
    0.005154070743808688,
    0.006055617058984552,
    0.007030416344448027,
    0.008065254169206365,
    0.009142591808763846,
    0.010240821735363224,
    0.011334815654881394,
    0.012396762558492974,
    0.013397268634066603,
    0.014306664953398152,
    0.015096445532450185,
    0.01574074047883431,
    0.01621771891343507,
    0.01651081590761704,
    0.016609687331646732
  ]
}