{
  "variable": "PTMIVOXS",
  "x": [
    0.0,
    1.0101010101010102,
    2.0202020202020203,
    3.0303030303030303,
    4.040404040404041,
    5.050505050505051,
    6.0606060606060606,
    7.070707070707071,
    8.080808080808081,
    9.090909090909092,
    10.101010101010102,
    11.111111111111112,
    12.121212121212121,
    13.131313131313131,
    14.141414141414142,
    15.151515151515152,
    16.161616161616163,
    17.171717171717173,
    18.181818181818183,
    19.191919191919194,
    20.202020202020204,
    21.212121212121215,
    22.222222222222225,
    23.232323232323235,
    24.242424242424242,
    25.252525252525253,
    26.262626262626263,
    27.272727272727273,
    28.282828282828284,
    29.292929292929294,
    30.303030303030305,
    31.313131313131315,
    32.323232323232325,
    33.333333333333336,
    34.343434343434346,
    35.35353535353536,
    36.36363636363637,
    37.37373737373738,
    38.38383838383839,
    39.3939393939394,
    40.40404040404041,
    41.41414141414142,
    42.42424242424243,
    43.43434343434344,
    44.44444444444445,
    45.45454545454546,
    46.46464646464647,
    47.47474747474748,
    48.484848484848484,
    49.494949494949495,
    50.505050505050505,
    51.515151515151516,
    52.525252525252526,
    53.535353535353536,
    54.54545454545455,
    55.55555555555556,
    56.56565656565657,
    57.57575757575758,
    58.58585858585859,
    59.5959595959596,
    60.60606060606061,
    61.61616161616162,
    62.62626262626263,
    63.63636363636364,
    64.64646464646465,
    65.65656565656566,
    66.66666666666667,
    67.67676767676768,
    68.68686868686869,
    69.6969696969697,
    70.70707070707071,
    71.71717171717172,
    72.72727272727273,
    73.73737373737374,
    74.74747474747475,
    75.75757575757576,
    76.76767676767678,
    77.77777777777779,
    78.7878787878788,
    79.7979797979798,
    80.80808080808082,
    81.81818181818183,
    82.82828282828284,
    83.83838383838385,
    84.84848484848486,
    85.85858585858587,
    86.86868686868688,
    87.87878787878789,
    88.8888888888889,
    89.89898989898991,
    90.90909090909092,
    91.91919191919193,
    92.92929292929294,
    93.93939393939395,
    94.94949494949496,
    95.95959595959597,
    96.96969696969697,
    97.97979797979798,
    98.98989898989899,
    100.0
  ],
  "y": [
    0.00252665494558275,
    0.002484716794666707,
    0.002360260432630963,
    0.00216585753476042,
    0.0019201552651643184,
    0.001644941882035598,
    0.0013619971314519346,
    0.0010903507771150807,
    0.000844403463380015,
    0.0006331068962504711,
    0.00046013924150944155,
    0.0003248177834879612,
    0.0002234015039404021,
    0.00015044985344565866,
    9.998998511292135e-05,
    6.636045694985652e-05,
    4.470668844873187e-05,
    3.1178679179871915e-05,
    2.291784414014521e-05,
    1.792333406261441e-05,
    1.487123600939187e-05,
    1.2935232602917242e-05,
    1.1633887110478541e-05,
    1.0712464602080727e-05,
    1.00570698576247e-05,
    9.634594649022842e-06,
    9.451436739787066e-06,
    9.525270946614108e-06,
    9.865999718242139e-06,
    1.0463669284380637e-05,
    1.1282311497038598e-05,
    1.2259289064375733e-05,
    1.3309811296213328e-05,
    1.4335939493218104e-05,
    1.523877809375757e-05,
    1.5931886775156317e-05,
    1.6353523423570716e-05,
    1.647536787751695e-05,
    1.630597760049918e-05,
    1.5888297756749677e-05,
    1.5291827003615345e-05,
    1.4601178521858196e-05,
    1.3903461855445343e-05,
    1.327697758377819e-05,
    1.2783189375137645e-05,
    1.2463010864430958e-05,
    1.233740058809886e-05,
    1.2411370054215273e-05,
    1.2679965470934531e-05,
    1.3134651253450023e-05,
    1.3768761339565455e-05,
    1.4581174745496822e-05,
    1.5577962204624995e-05,
    1.6772290350318246e-05,
    1.8183238046920865e-05,
    1.983430747931523e-05,
    2.175229863684473e-05,
    2.396692747781155e-05,
    2.651122631201174e-05,
    2.9422507695753162e-05,
    3.274360644964838e-05,
    3.6524269069657686e-05,
    4.082287395514642e-05,
    4.5709008036263704e-05,
    5.126765630788569e-05,
    5.760581739891174e-05,
    6.48623295606331e-05,
    7.32218604260374e-05,
    8.293485406728042e-05,
    9.434736718811403e-05,
    0.00010794890328965133,
    0.00012445340730503061,
    0.00014493944124418454,
    0.00017109114959066408,
    0.0002056024875557987,
    0.00025283256817683233,
    0.0003198261327897544,
    0.0004178309418958279,
    0.0005644364457170533,
    0.0007863999607118431,
    0.0011230867744158794,
    0.0016302021854189992,
    0.0023831307954191075,
    0.0034787597351581545,
    0.0050342508551764215,
    0.007181015221845182,
    0.01005234969405403,
    0.013764018351969136,
    0.01838858052570816,
    0.023926337094871002,
    0.030277955854421404,
    0.03722546202342209,
    0.04442857176617415,
    0.051441722965969154,
    0.057753523326887324,
    0.06284527773941233,
    0.06626000927610458,
    0.0676695242484276,
    0.06692598467740919,
    0.06408681510415097
  ]
}