{
  "variable": "PTMIBRTH",
  "x": [
    0.0,
    1.0,
    2.0,
    3.0,
    4.0,
    5.0,
    6.0,
    7.0,
    8.0,
    9.0,
    10.0,
    11.0,
    12.0,
    13.0,
    14.0,
    15.0,
    16.0,
    17.0,
    18.0,
    19.0,
    20.0,
    21.0,
    22.0,
    23.0,
    24.0,
    25.0,
    26.0,
    27.0,
    28.0,
    29.0,
    30.0,
    31.0,
    32.0,
    33.0,
    34.0,
    35.0,
    36.0,
    37.0,
    38.0,
    39.0,
    40.0,
    41.0,
    42.0,
    43.0,
    44.0,
    45.0,
    46.0,
    47.0,
    48.0,
    49.0,
    50.0,
    51.0,
    52.0,
    53.0,
    54.0,
    55.0,
    56.0,
    57.0,
    58.0,
    59.0,
    60.0,
    61.0,
    62.0,
    63.0,
    64.0,
    65.0,
    66.0,
    67.0,
    68.0,
    69.0,
    70.0,
    71.0,
    72.0,
    73.0,
    74.0,
    75.0,
    76.0,
    77.0,
    78.0,
    79.0,
    80.0,
    81.0,
    82.0,
    83.0,
    84.0,
    85.0,
    86.0,
    87.0,
    88.0,
    89.0,
    90.0,
    91.0,
    92.0,
    93.0,
    94.0,
    95.0,
    96.0,
    97.0,
    98.0,
    99.0
  ],
  "y": [
    0.00013629599986214946,
    7.857048906319927e-05,
    1.782911375791515e-05,
    4.072761003288433e-06,
    2.7290339296711476e-06,
    4.887367540080124e-06,
    9.840274760325461e-06,
    2.1969745094436334e-05,
    4.082386734260025e-05,
    7.2647129569845e-05,
    0.00023273021888940327,
    0.0008791907683277423,
    0.0018143858831876807,
    0.003097493096596184,
    0.008205973341884162,
    0.02473323955757997,
    0.04731110762239942,
    0.0733789584374,
    0.11769653598421918,
    0.18728231168106635,
    0.25177796912114153,
    0.1455639870090356,
    0.04397196978253476,
    0.02080784157271501,
    0.01838110654825023,
    0.01320934523619182,
    0.008441821250036086,
    0.006198884105495497,
    0.005854051939662291,
    0.005035898582366403,
    0.00459010951323649,
    0.0030349918940989554,
    0.001880184138923103,
    0.001181664580337138,
    0.0008142266200138529,
    0.000801671537692474,
    0.0008401111200910986,
    0.0005501757638838,
    0.0003342218296191259,
    0.0002661124002041877,
    0.0002545134624780652,
    0.00016938891259527168,
    0.00010301093343955439,
    6.919738651511052e-05,
    5.342908618978476e-05,
    3.8829865338303174e-05,
    2.7595943538213793e-05,
    3.165284175400582e-05,
    4.130509462983372e-05,
    2.9658907527848816e-05,
    1.943212957351803e-05,
    1.4771241956284059e-05,
    1.273146232455119e-05,
    8.479696522165205e-06,
    6.077404019097029e-06,
    6.343729964572211e-06,
    6.187168155225355e-06,
    4.7726817309287094e-06,
    4.646465271071733e-06,
    7.944358904367332e-06,
    1.251425396696635e-05,
    9.92856729410643e-06,
    5.86827833587047e-06,
    4.026717706872714e-06,
    3.89826233162398e-06,
    4.7672287660859495e-06,
    5.798255100502984e-06,
    6.8824751160354014e-06,
    8.497765639627858e-06,
    1.161709698913496e-05,
    1.523714876801797e-05,
    1.4569012975751767e-05,
    1.384584831233515e-05,
    1.0577720556668144e-05,
    8.435454037214714e-06,
    7.83644531041448e-06,
    8.220575866665283e-06,
    1.0559789244182497e-05,
    1.4715670094267833e-05,
    2.0397108495828845e-05,
    2.827316650874563e-05,
    2.2849380720180162e-05,
    1.3941301464375152e-05,
    1.0551150768411354e-05,
    1.0292873041574265e-05,
    9.403181633893018e-06,
    8.298141305672915e-06,
    9.582896810087178e-06,
    1.2364624606982686e-05,
    1.1960495712223862e-05,
    1.0963776843116529e-05,
    9.089866044659783e-06,
    7.370406808442851e-06,
    6.15639791615491e-06,
    6.840213250863291e-06,
    9.31663146056659e-06,
    1.1582175755403656e-05,
    1.3054915512629548e-05,
    1.4690630595893177e-05,
    1.2007941402868114e-05
  ]
}