{
  "variable": "PTMIHIBP",
  "x": [
    0.0,
    3.0303030303030303,
    6.0606060606060606,
    9.09090909090909,
    12.121212121212121,
    15.151515151515152,
    18.18181818181818,
    21.21212121212121,
    24.242424242424242,
    27.272727272727273,
    30.303030303030305,
    33.333333333333336,
    36.36363636363636,
    39.39393939393939,
    42.42424242424242,
    45.45454545454545,
    48.484848484848484,
    51.515151515151516,
    54.54545454545455,
    57.57575757575758,
    60.60606060606061,
    63.63636363636363,
    66.66666666666667,
    69.6969696969697,
    72.72727272727272,
    75.75757575757575,
    78.78787878787878,
    81.81818181818181,
    84.84848484848484,
    87.87878787878788,
    90.9090909090909,
    93.93939393939394,
    96.96969696969697,
    100.0,
    103.03030303030303,
    106.06060606060606,
    109.0909090909091,
    112.12121212121212,
    115.15151515151516,
    118.18181818181819,
    121.21212121212122,
    124.24242424242424,
    127.27272727272727,
    130.3030303030303,
    133.33333333333334,
    136.36363636363637,
    139.3939393939394,
    142.42424242424244,
    145.45454545454544,
    148.48484848484847,
    151.5151515151515,
    154.54545454545453,
    157.57575757575756,
    160.6060606060606,
    163.63636363636363,
    166.66666666666666,
    169.6969696969697,
    172.72727272727272,
    175.75757575757575,
    178.78787878787878,
    181.8181818181818,
    184.84848484848484,
    187.87878787878788,
    190.9090909090909,
    193.93939393939394,
    196.96969696969697,
    200.0,
    203.03030303030303,
    206.06060606060606,
    209.0909090909091,
    212.12121212121212,
    215.15151515151516,
    218.1818181818182,
    221.21212121212122,
    224.24242424242425,
    227.27272727272728,
    230.3030303030303,
    233.33333333333334,
    236.36363636363637,
    239.3939393939394,
    242.42424242424244,
    245.45454545454544,
    248.48484848484847,
    251.5151515151515,
    254.54545454545453,
    257.57575757575756,
    260.6060606060606,
    263.6363636363636,
    266.6666666666667,
    269.6969696969697,
    272.72727272727275,
    275.75757575757575,
    278.7878787878788,
    281.8181818181818,
    284.8484848484849,
    287.8787878787879,
    290.9090909090909,
    293.93939393939394,
    296.96969696969694,
    300.0
  ],
  "y": [
    2.0737816237967436e-05,
    1.8872272665973663e-05,
    1.4176511878173616e-05,
    8.804450549329772e-06,
    4.547728580607529e-06,
    2.0050493569372807e-06,
    8.550805504007464e-07,
    5.413232914859384e-07,
    7.014164733999441e-07,
    1.236305751682592e-06,
    2.208572311037398e-06,
    3.7269663759393923e-06,
    5.892415095431117e-06,
    8.828251924974303e-06,
    1.2742244536217631e-05,
    1.793912654132331e-05,
    2.4779126285870515e-05,
    3.361253737928521e-05,
    4.470018554117461e-05,
    5.827055231630738e-05,
    7.493176937204337e-05,
    9.62992172511831e-05,
    0.00012554730683231256,
    0.0001681297161299058,
    0.00023323368354134877,
    0.000336205797621915,
    0.0005015547820395219,
    0.0007650546111620719,
    0.00117322716690521,
    0.0017785394795795627,
    0.0026247990457094676,
    0.0037204583622090937,
    0.005023132959550397,
    0.0064670520178251294,
    0.00801082878061566,
    0.009644355303637381,
    0.011354091835518046,
    0.01309397974262168,
    0.014763994889670702,
    0.01620221378087278,
    0.017247069576077922,
    0.017834984684413812,
    0.018003402715238568,
    0.017809052678716054,
    0.01729418147590808,
    0.016507236000997738,
    0.01550152526970165,
    0.014332086744363032,
    0.013077092167453758,
    0.011829105635508609,
    0.010647891463373017,
    0.009537313902992084,
    0.008464359501696581,
    0.00739543086964233,
    0.006333662824512479,
    0.005329999554151462,
    0.004448918116034676,
    0.0037229014974283726,
    0.0031393672482088993,
    0.002659065134998555,
    0.0022429635122054054,
    0.0018714357779282163,
    0.0015453866381438472,
    0.0012717557540773464,
    0.0010499287602637145,
    0.000869687627695957,
    0.00071739107497294,
    0.0005835068362421508,
    0.0004662155233874628,
    0.00036850248595853485,
    0.0002921408509894135,
    0.00023461788243293223,
    0.0001905127264016169,
    0.00015451185993900095,
    0.00012347757549012315,
    9.666832997483171e-05,
    7.449731591637219e-05,
    5.712761708965969e-05,
    4.3949968082467436e-05,
    3.389604745161315e-05,
    2.5984720923463698e-05,
    1.964739441423667e-05,
    1.4680617828434485e-05,
    1.0976588072591604e-05,
    8.325550742339665e-06,
    6.41918957877737e-06,
    4.963422236562328e-06,
    3.7734874834514677e-06,
    2.791109954667026e-06,
    2.0276929283130835e-06,
    1.488276738464492e-06,
    1.1349913094867348e-06,
    9.006071906047113e-07,
    7.224904918612932e-07,
    5.659639310758582e-07,
    4.2474121234548915e-07,
    3.055399030788053e-07,
    2.130704773922537e-07,
    1.45167434794677e-07,
    9.59124786835962e-08
  ]
}